attn,sigma
off,0.19780272308500374
on,0.2914090144462325
all,0.24460586876561813
